{"cameraMode":{"drawMode":0,"name":"Shaded","section":"Shading Mode"},"sceneLighting":false,"audioPlay":false,"sceneViewState":{"showFog":true,"showMaterialUpdate":false,"showSkybox":false,"showFlares":true,"showImageEffects":true,"showParticleSystems":true},"in2DMode":false,"pivot":{"x":0.0,"y":2.3000001907348635,"z":0.15852999687194825},"rotation":{"x":-0.08061540126800537,"y":-0.16959798336029054,"z":0.01392096746712923,"w":-0.9821119904518127},"size":36.428897857666019,"orthographic":false}