{"cameraMode":{"drawMode":0,"name":"Shaded","section":"Shading Mode"},"sceneLighting":false,"audioPlay":false,"sceneViewState":{"showFog":true,"showMaterialUpdate":false,"showSkybox":true,"showFlares":true,"showImageEffects":true,"showParticleSystems":true},"in2DMode":false,"pivot":{"x":200.27667236328126,"y":3.3955821990966799,"z":55.57440185546875},"rotation":{"x":-0.03078627586364746,"y":-0.08386191725730896,"z":0.002591898199170828,"w":-0.9959983229637146},"size":22.0,"orthographic":false}