{"cameraMode":{"drawMode":0,"name":"Shaded","section":"Shading Mode"},"sceneLighting":false,"audioPlay":false,"sceneViewState":{"showFog":true,"showMaterialUpdate":false,"showSkybox":true,"showFlares":true,"showImageEffects":true,"showParticleSystems":true},"in2DMode":false,"pivot":{"x":227.80877685546876,"y":147.3774871826172,"z":-438.076171875},"rotation":{"x":0.12155475467443466,"y":-0.06249032914638519,"z":-0.007668404374271631,"w":-0.99058598279953},"size":8.720861434936524,"orthographic":false}