{"cameraMode":{"drawMode":0,"name":"Shaded","section":"Shading Mode"},"sceneLighting":false,"audioPlay":false,"sceneViewState":{"showFog":true,"showMaterialUpdate":false,"showSkybox":true,"showFlares":true,"showImageEffects":true,"showParticleSystems":true},"in2DMode":false,"pivot":{"x":358.6112060546875,"y":254.20262145996095,"z":25.41973876953125},"rotation":{"x":-0.045511551201343539,"y":-0.12702153623104096,"z":0.005834133829921484,"w":-0.9908381700515747},"size":745.161376953125,"orthographic":false}