{"cameraMode":{"drawMode":0,"name":"Shaded","section":"Shading Mode"},"sceneLighting":false,"audioPlay":false,"sceneViewState":{"showFog":true,"showMaterialUpdate":false,"showSkybox":true,"showFlares":true,"showImageEffects":true,"showParticleSystems":true},"in2DMode":false,"pivot":{"x":22.137531280517579,"y":16.295276641845704,"z":-25.10150909423828},"rotation":{"x":-0.03470591828227043,"y":0.9607479572296143,"z":-0.141087606549263,"w":-0.2363327443599701},"size":116.87922668457031,"orthographic":false}