{"cameraMode":{"drawMode":0,"name":"Shaded","section":"Shading Mode"},"sceneLighting":false,"audioPlay":false,"sceneViewState":{"showFog":true,"showMaterialUpdate":false,"showSkybox":false,"showFlares":true,"showImageEffects":true,"showParticleSystems":true},"in2DMode":false,"pivot":{"x":0.0,"y":0.022177696228027345,"z":-2.042840003967285},"rotation":{"x":0.06094766780734062,"y":-0.8825367093086243,"z":0.11933225393295288,"w":0.4507485032081604},"size":81.77690124511719,"orthographic":false}